supply_chain,cyber_threats,skills,hsw
Disruptions,Cybersecurity,Skills gap,Healthcare
Interruptions,data breach,talent shortage,public health
Supply chain failure,hacking,labor shortage,disease outbreak
Supply chain disruptions,cyber attack,workforce development,pandemic
Supply chain interruption,malware,human capital,epidemic
Global trade,ransomware,skills mismatch,virus
Global trade disruptions,phishing,unemployment,bacteria
Logistics,cybercrime,education,illness
Shipping,network security,training,hygiene
Transportation,information security,reskilling,wellness
Supply chain security,internet security,upskilling,mental health
Supply chain management,cyber defense,job market,substance abuse
Outsourcing,cyber espionage,labor market,nutrition
Third-party suppliers,cyber terrorism,workforce demographics,healthcare access
Dependence on suppliers,cyberwarfare,immigration,medical supplies
Diversification of suppliers,critical infrastructure,automation,pharmaceuticals
Trade relationships,cyber risk,digital transformation,vaccines
Trade agreements,digital privacy,human resources,health disparities
Import/Export restrictions,cyber security,talent acquisition,global health security
Raw material shortages,computer security,human resources,health promotion
Supply chain sustainability,information security,workforce planning,preventive care
Supply chain resilience,network security,job skills,chronic disease
Geopolitical risks.,digital security,vocational education,infectious disease
,cloud security,apprenticeships,emergency response
,IoT security,outsourcing,first aid
,application security,human capital development,bioterrorism
,encryption,job training,health emergency
,biometrics,recruiting,public health emergency
,firewalls,career advancement,health insurance
,threat intelligence,,health expenditure
,,,health policy
,,,health literacy
,,,health