sent_id,theme_id,sentence_template
1,1,A single source supplier can increase the risk of supply chain disruption.
2,1,Reliance on a single supplier can result in production shutdowns.
3,1,Having a single source of critical components can pose a risk to supply chain stability.
4,2,Political instability can disrupt production and transportation.
5,2,Conflict in supplier countries can cause supply chain disruptions.
6,2,Supplier countries facing political turmoil can increase risk to supply chain.
7,3,Natural disasters such as earthquakes or typhoons can damage production facilities.
8,3,"Natural disasters can disrupt transportation networks, causing supply chain disruptions."
9,3,Supply chain risks increase with the likelihood of natural disasters.
10,4,"Suppliers can be vulnerable to cyber attacks, causing supply chain disruptions."
11,4,Cybersecurity threats can compromise sensitive information or disrupt production.
12,4,Suppliers' cyber-security measures are critical for supply chain stability.
13,5,Market volatility can cause disruptions to supply and demand.
14,5,"Volatility in currency exchange rates, commodity prices, or demand can cause supply chain disruptions."
15,5,Supply chain stability is vulnerable to market fluctuations.
16,6,A health crisis such as a pandemic can lead to workforce shortages.
17,6,"Quarantine measures can disrupt transportation, causing supply chain disruptions."
18,6,Health crises can pose risks to the supply chain and workforce.
19,7,"Changes in trade regulations, tariffs, or customs procedures can increase supply chain costs."
20,7,"Regulatory changes can disrupt global trade, causing supply chain disruptions."
21,7,Supply chain stability is vulnerable to regulatory changes affecting global trade.
22,8,"Unauthorized access to sensitive information, such as personal data and financial information, can result in significant harm to individuals and organizations."
23,8,"Data breaches can cause reputational damage, financial loss, and legal consequences."
24,9,Ransomware attacks involve encrypting an organization's data and demanding payment in exchange for the decryption key.
25,9,Ransomware attacks can cause significant financial loss and disruption to operations.
26,10,"State-sponsored cyberattacks can target organizations and critical infrastructure, such as power grids and financial systems."
27,10,State-sponsored cyberattacks can cause significant harm to national security and economic stability.
28,11,"Cyberattacks on critical infrastructure, such as hospitals, financial systems, and power grids, can cause widespread disruption and impact on health, safety, and wellbeing."
29,11,The increasing dependence on technology and interconnected systems makes cybersecurity a key concern for critical infrastructure.
30,12,"The increasing use of third-party software and services can increase the risk of a supply chain attack, where a vulnerability in a supplier's software or service is exploited to gain access to a customer's network."
31,12,Supply chain attacks can cause significant harm to the security and privacy of sensitive information.
32,13,Social engineering attacks exploit human weaknesses to gain access to sensitive information or systems.
33,13,"Social engineering attacks can result in significant harm to individuals and organizations, such as financial loss and reputational damage."
34,14,The increasing sophistication of cyber criminals and the development of new attack methods make it more difficult to detect and prevent cyberattacks.
35,14,The need for ongoing vigilance and investment in cybersecurity to stay ahead of cyber criminals is critical to mitigating cyber threat risks.
36,15,An aging population can result in a shortage of skilled workers.
37,15,The retirement of skilled workers can lead to a skills gap.
38,15,A lack of younger workers entering the workforce can contribute to a shortage of skilled labor.
39,16,A shortage of skilled workers can be caused by insufficient investment in education and training programs.
40,16,The workforce may not have the necessary skills to meet demand without investment in education and training.
41,16,Skilled labor shortages can result from a lack of investment in human capital.
42,17,A mismatch between the skills required for available jobs and the skills of the available workforce can result in a shortage of skilled workers.
43,17,A skills mismatch can result in a shortage of skilled labor for certain industries or regions.
44,17,A lack of alignment between the skills of workers and the skills required for jobs can result in a skills gap.
45,18,The migration of skilled workers to other countries with better economic opportunities can result in a shortage of skilled labor in their home country.
46,18,Brain drain can result in a loss of skilled workers and a shortage of skilled labor.
47,18,"Skilled workers may seek better economic opportunities abroad, contributing to a skills gap in their home country."
48,19,"Restrictive immigration policies can limit the number of skilled workers entering a country, leading to a shortage of skilled labor."
49,19,The reduction of skilled workers entering a country due to immigration restrictions can result in a skills gap.
50,19,A restrictive immigration policy can limit the ability of a country to attract and retain skilled workers.
51,20,"Technological advancements can automate certain skilled jobs, leading to a shortage of workers in those fields."
52,20,A shift in technological advancements can result in a skills gap for workers in certain industries.
53,20,Technological change can result in a need for new skills and a shortage of workers in certain fields.
54,21,"Earthquakes, hurricanes, floods, and other natural disasters can cause loss of life, serious injury, and major property damage."
55,21,"The impact of natural disasters on health, safety, and wellbeing can be devastating."
56,21,"Natural disasters can disrupt essential services such as healthcare, water, and power supplies."
57,22,"Outbreaks of infectious diseases, such as pandemics, can cause widespread illness, death, and social and economic disruption."
58,22,The rapid spread of a pandemic can overwhelm healthcare systems and lead to serious health consequences.
59,22,"The threat of pandemics to health, safety, and wellbeing is a global risk."
60,23,"Accidents involving hazardous chemicals, biological agents, and nuclear materials can cause serious health consequences, loss of life, and environmental damage."
61,23,A breach of safety protocols in these industries can lead to widespread health and environmental impacts.
62,23,The potential for catastrophic accidents involving hazardous materials requires ongoing vigilance and risk management.
63,24,"Cyberattacks on critical infrastructure, such as hospitals and power grids, can cause widespread disruption and impact on health, safety, and wellbeing."
64,24,"The increasing dependence on technology and interconnected systems makes cybersecurity a key concern for health, safety, and wellbeing."
65,24,"A successful cyberattack can cause widespread harm to health and safety, as well as cause significant economic damage."
66,25,"Acts of terrorism can cause loss of life, serious injury, and significant property damage."
67,25,"Terrorism can have a lasting impact on health, safety, and wellbeing, and create widespread fear and anxiety."
68,25,The threat of terrorism requires ongoing efforts to detect and prevent attacks and mitigate their impact.
69,26,"Human error can cause serious accidents and lead to loss of life, serious injury, and significant property damage."
70,26,"Mistakes made by individuals, organizations, and governments can have serious consequences for health, safety, and wellbeing."
71,26,The prevention of human error and mitigation of its impact is a crucial component of risk management.